<DCNetSettingsData xmlns="http://schemas.datacontract.org/2004/07/PDNAnalyzer" xmlns:i="http://www.w3.org/2001/XMLSchema-instance"><DCNets><DCNetData><Connections>2</Connections><IsIdentified>false</IsIdentified><IsRejected>false</IsRejected><Name>NetC16_2</Name><NominalVoltage>12</NominalVoltage></DCNetData><DCNetData><Connections>6</Connections><IsIdentified>true</IsIdentified><IsRejected>false</IsRejected><Name>VIN</Name><NominalVoltage>48</NominalVoltage></DCNetData><DCNetData><Connections>3</Connections><IsIdentified>false</IsIdentified><IsRejected>false</IsRejected><Name>UVLO</Name><NominalVoltage>0</NominalVoltage></DCNetData><DCNetData><Connections>2</Connections><IsIdentified>false</IsIdentified><IsRejected>false</IsRejected><Name>RT</Name><NominalVoltage>0</NominalVoltage></DCNetData><DCNetData><Connections>5</Connections><IsIdentified>true</IsIdentified><IsRejected>false</IsRejected><Name>PH</Name><NominalVoltage>36</NominalVoltage></DCNetData><DCNetData><Connections>2</Connections><IsIdentified>false</IsIdentified><IsRejected>false</IsRejected><Name>PDIM</Name><NominalVoltage>0</NominalVoltage></DCNetData><DCNetData><Connections>2</Connections><IsIdentified>false</IsIdentified><IsRejected>false</IsRejected><Name>NetJ2_1</Name><NominalVoltage>0</NominalVoltage></DCNetData><DCNetData><Connections>3</Connections><IsIdentified>true</IsIdentified><IsRejected>false</IsRejected><Name>12FB</Name><NominalVoltage>1.216</NominalVoltage></DCNetData><DCNetData><Connections>2</Connections><IsIdentified>false</IsIdentified><IsRejected>false</IsRejected><Name>12RT</Name><NominalVoltage>0</NominalVoltage></DCNetData><DCNetData><Connections>2</Connections><IsIdentified>false</IsIdentified><IsRejected>false</IsRejected><Name>12SW</Name><NominalVoltage>0</NominalVoltage></DCNetData><DCNetData><Connections>2</Connections><IsIdentified>false</IsIdentified><IsRejected>false</IsRejected><Name>UVHS</Name><NominalVoltage>0</NominalVoltage></DCNetData><DCNetData><Connections>3</Connections><IsIdentified>false</IsIdentified><IsRejected>false</IsRejected><Name>12V_PGOOD</Name><NominalVoltage>12</NominalVoltage></DCNetData><DCNetData><Connections>3</Connections><IsIdentified>true</IsIdentified><IsRejected>false</IsRejected><Name>NetIC1_1</Name><NominalVoltage>11.1</NominalVoltage></DCNetData><DCNetData><Connections>2</Connections><IsIdentified>true</IsIdentified><IsRejected>false</IsRejected><Name>NetD3_1</Name><NominalVoltage>12</NominalVoltage></DCNetData><DCNetData><Connections>2</Connections><IsIdentified>false</IsIdentified><IsRejected>false</IsRejected><Name>12SS</Name><NominalVoltage>0</NominalVoltage></DCNetData><DCNetData><Connections>4</Connections><IsIdentified>false</IsIdentified><IsRejected>false</IsRejected><Name>NetC13_2</Name><NominalVoltage>48</NominalVoltage></DCNetData><DCNetData><Connections>6</Connections><IsIdentified>true</IsIdentified><IsRejected>false</IsRejected><Name>VIN_DRV</Name><NominalVoltage>48</NominalVoltage></DCNetData><DCNetData><Connections>3</Connections><IsIdentified>true</IsIdentified><IsRejected>false</IsRejected><Name>CN_GND</Name><NominalVoltage>0</NominalVoltage></DCNetData><DCNetData><Connections>5</Connections><IsIdentified>true</IsIdentified><IsRejected>false</IsRejected><Name>LEDVSS</Name><NominalVoltage>0</NominalVoltage></DCNetData><DCNetData><Connections>4</Connections><IsIdentified>true</IsIdentified><IsRejected>false</IsRejected><Name>LEDVCC</Name><NominalVoltage>36</NominalVoltage></DCNetData><DCNetData><Connections>2</Connections><IsIdentified>false</IsIdentified><IsRejected>false</IsRejected><Name>ISENSE</Name><NominalVoltage>0</NominalVoltage></DCNetData><DCNetData><Connections>4</Connections><IsIdentified>true</IsIdentified><IsRejected>false</IsRejected><Name>IADJ</Name><NominalVoltage>1.626</NominalVoltage></DCNetData><DCNetData><Connections>32</Connections><IsIdentified>true</IsIdentified><IsRejected>false</IsRejected><Name>GND</Name><NominalVoltage>0</NominalVoltage></DCNetData><DCNetData><Connections>2</Connections><IsIdentified>false</IsIdentified><IsRejected>false</IsRejected><Name>COMP</Name><NominalVoltage>0</NominalVoltage></DCNetData><DCNetData><Connections>2</Connections><IsIdentified>false</IsIdentified><IsRejected>false</IsRejected><Name>BOOT</Name><NominalVoltage>0</NominalVoltage></DCNetData><DCNetData><Connections>9</Connections><IsIdentified>true</IsIdentified><IsRejected>false</IsRejected><Name>12V</Name><NominalVoltage>12</NominalVoltage></DCNetData></DCNets></DCNetSettingsData>